Items,Categories
"Amaranth seed, black (Amaranthus cruentus)",Cereals and millets
"Amaranth seed, pale brown (Amaranthus cruentus)",Cereals and millets
Bajra (Pennisetum typhoideum),Cereals and millets
Barley (Hordeum vulgare),Cereals and millets
Jowar (Sorghum vulgare),Cereals and millets
"Maize, dry (Zea mays)",Cereals and millets
"Maize, tender, local (Zea mays)",Cereals and millets
"Maize, tender, sweet (Zea mays)",Cereals and millets
Quinoa (Chenopodium quinoa),Cereals and millets
Ragi (Eleusine coracana),Cereals and millets
Rice flakes (Oryza sativa ),Cereals and millets
Rice puffed (Oryza sativa ),Cereals and millets
"Rice, raw, brown (Oryza sativa )",Cereals and millets
"Rice, parboiled, milled (Oryza sativa )",Cereals and millets
"Rice, raw, milled (Oryza sativa )",Cereals and millets
Samai (Panicum miliare),Cereals and millets
Varagu (Paspalum scrobiculatum),Cereals and millets
"Wheat flour, refined (Triticum aestivum)",Cereals and millets
"Wheat flour, atta (Triticum aestivum)",Cereals and millets
"Wheat, whole (Triticum aestivum)",Cereals and millets
"Wheat, bulgur (Triticum aestivum)",Cereals and millets
"Wheat, semolina (Triticum aestivum)",Cereals and millets
"Wheat, vermicelli (Triticum aestivum)",Cereals and millets
"Wheat, vermicelli, roasted (Triticum aestivum)",Cereals and millets
Foxtail millet (Italian millet),Cereals and millets
Proso millet (Panivaragu),Cereals and millets
"Rice, parboiled, handpounded",Cereals and millets
"Rice, raw, handpounded",Cereals and millets
"Rice, bran",Cereals and millets
Barnyard millet (Sanwa millet),Cereals and millets
"Wheat, germ",Cereals and millets
Bamboo seeds,Cereals and millets
Banti,Cereals and millets
Buckwheat,Cereals and millets
Chenopodium album seeds,Cereals and millets
Cowage seed flour,Cereals and millets
Daincha seeds,Cereals and millets
Job's tears,Cereals and millets
Oatmeal,Cereals and millets
Kittul flour,Cereals and millets
Lotus seed,Cereals and millets
Makhana,Cereals and millets
Rajkeera seeds,Cereals and millets
Water lily seeds,Cereals and millets
"Bengal gram, dal (Cicer arietinum)",Grain legumes
"Bengal gram, whole (Cicer arietinum)",Grain legumes
"Black gram, dal (Phaseolus mungo)",Grain legumes
"Black gram, whole (Phaseolus mungo)",Grain legumes
"Cowpea, brown (Vigna catjang)",Grain legumes
"Cowpea, white (Vigna catjang)",Grain legumes
"Field bean, black (Phaseolus vulgaris)",Grain legumes
"Field bean, brown (Phaseolus vulgaris)",Grain legumes
"Field bean, white (Phaseolus vulgaris)",Grain legumes
"Green gram, dal (Vigna radiata)",Grain legumes
"Green gram, whole (Vigna radiata)",Grain legumes
"Horse gram, whole (Dolicus biflorus)",Grain legumes
Lentil dal (Lens culinaris),Grain legumes
"Lentil whole, brown (Lens culinaris)",Grain legumes
"Lentil whole, yellowish (Lens culinaris)",Grain legumes
Moth bean (Vigna aconitifolia),Grain legumes
"Peas, dry (Pisum sativum)",Grain legumes
"Rajmah, black (Phaseolus vulgaris)",Grain legumes
"Rajmah, brown (Phaseolus vulgaris)",Grain legumes
"Rajmah, red (Phaseolus vulgaris)",Grain legumes
"Red gram, dal (Cajanus cajan)",Grain legumes
"Red gram, whole (Cajanus cajan)",Grain legumes
Ricebean (Vigna umbellata),Grain legumes
"Soya bean, brown (Glycine max)",Grain legumes
"Soya bean, white (Glycine max)",Grain legumes
"Bengal gram, roasted",Grain legumes
"Field bean, dry",Grain legumes
"Khesari, dhal",Grain legumes
Peas roasted,Grain legumes
Goa beans,Grain legumes
Malmandi,Grain legumes
Sutari,Grain legumes
Agathi leaves (Sesbania grandiflora),Green leafy vegetables
"Amaranth leaves, green (Amaranthus gangeticus)",Green leafy vegetables
"Amaranth leaves, red (Amaranthus gangeticus)",Green leafy vegetables
"Amaranth leaves, red and green mix (Amaranthus gangeticus)",Green leafy vegetables
"Amaranth spined, leaves, green (Amaranthus spinosus)",Green leafy vegetables
"Amaranth spined, leaves, red and green mix (Amaranthus spinosus)",Green leafy vegetables
Basella leaves (Basella alba),Green leafy vegetables
Bathua leaves (Chenopodium album),Green leafy vegetables
Beet greens (Beta vulgaris),Green leafy vegetables
"Betel leaves, big (kolkata) (Piper betle)",Green leafy vegetables
"Betel leaves, small (Piper betle)",Green leafy vegetables
Brussels sprouts (Brassica oleracea var. gemmifera),Green leafy vegetables
"Cabbage, Chinese (Brassica rupa)",Green leafy vegetables
"Cabbage, collard greens (Brassica oleracea var. viridis)",Green leafy vegetables
"Cabbage, green (Brassica oleracea var. capitata f. alba)",Green leafy vegetables
"Cabbage, violet (Brassica oleracea var. capitata f. rubra)",Green leafy vegetables
Cauliflower leaves (Brassica oleracea var. botrytis),Green leafy vegetables
"Colocasia leaves, green (Colocasia esculenta)",Green leafy vegetables
Drumstick leaves (Moringa oleifera),Green leafy vegetables
Fenugreek leaves (Trigonella foenum graecum),Green leafy vegetables
Garden cress (Lepidium sativum),Green leafy vegetables
"Gogu leaves, green (Hibiscus cannabinus)",Green leafy vegetables
"Gogu leaves, red (Hibiscus cannabinus)",Green leafy vegetables
"Knol-Khol, leaves (Brassica oleracea var. gongylodes)",Green leafy vegetables
Lettuce (Lactuca sativa),Green leafy vegetables
Mustard leaves (Brassica juncea),Green leafy vegetables
Pak Choi leaves (Brassica rapa var. chinensis),Green leafy vegetables
Parsley (Petroselinum crispum),Green leafy vegetables
Ponnaganni (Alternanthera sessilis),Green leafy vegetables
"Pumpkin leaves, tender (Cucurbita maxima)",Green leafy vegetables
Radish leaves (Raphanus sativus),Green leafy vegetables
Rumex leaves (Rumex patientia),Green leafy vegetables
Spinach (Spinacia oleracea),Green leafy vegetables
"Tamarind leaves, tender (Tamarindus indica)",Green leafy vegetables
Ambat chuka,Green leafy vegetables
Bengal gram leaves,Green leafy vegetables
Bottle gourd leaves,Green leafy vegetables
Broad bean leaves,Green leafy vegetables
Carrot leaves,Green leafy vegetables
Celery leaves,Green leafy vegetables
Chekkur manis,Green leafy vegetables
Colocasia leaves (dried),Green leafy vegetables
Cow pea leaves,Green leafy vegetables
Fetid cassia (fresh),Green leafy vegetables
Fetid cassia (dried),Green leafy vegetables
Garden sorrel (sepals),Green leafy vegetables
Ipomoea stems,Green leafy vegetables
Ipomoea leaves,Green leafy vegetables
Kuppameni,Green leafy vegetables
Manathakkali leaves,Green leafy vegetables
Mayalu,Green leafy vegetables
Modakonthan keerai,Green leafy vegetables
Mukarrate keerai,Green leafy vegetables
Nerringi,Green leafy vegetables
Paruppu keerai,Green leafy vegetables
Rape stem,Green leafy vegetables
Rape leaves,Green leafy vegetables
Rape leaves (dried),Green leafy vegetables
Safflower leaves,Green leafy vegetables
Shepu,Green leafy vegetables
Spinach stalks,Green leafy vegetables
Susni sag,Green leafy vegetables
Turnip greens,Green leafy vegetables
Ceylon pasali,Green leafy vegetables
Chimti sag,Green leafy vegetables
Giria sag,Green leafy vegetables
Gulcharni,Green leafy vegetables
Kasini keerat,Green leafy vegetables
Katha sag,Green leafy vegetables
Kena sag,Green leafy vegetables
Khesari leaves,Green leafy vegetables
Koila karha sag,Green leafy vegetables
Konar sag,Green leafy vegetables
Korla leaves,Green leafy vegetables
Manal keerai,Green leafy vegetables
Mata sag (lupu),Green leafy vegetables
Nachukotta keerai,Green leafy vegetables
Neem leaves mature,Green leafy vegetables
Neem leaves tender,Green leafy vegetables
Pacharisi keerai,Green leafy vegetables
Panna keerai,Green leafy vegetables
Parwar sag,Green leafy vegetables
Pasarai keerai,Green leafy vegetables
Patua sag,Green leafy vegetables
Potato leaves,Green leafy vegetables
Puliara keerai,Green leafy vegetables
Punnaku keerai,Green leafy vegetables
Perandai,Green leafy vegetables
Saravallai keerai,Green leafy vegetables
Sarli sag,Green leafy vegetables
Seemai ponnanganni,Green leafy vegetables
Sinduar sag,Green leafy vegetables
Sinduar wild,Green leafy vegetables
Sonchal sag,Green leafy vegetables
Soya leaves,Green leafy vegetables
Sweet potato greens,Green leafy vegetables
Thooduvalai keerai,Green leafy vegetables
Veethi keerai,Green leafy vegetables
Velaikeerai,Green leafy vegetables
Vella keerai,Green leafy vegetables
Water cress,Green leafy vegetables
"Broccoli, green, raw",
"Watercress, raw",
Ash gourd (Benincasa hispida),Other vegetables
"Bamboo shoot, tender (Bambusa vulgaris)",Other vegetables
"Bean scarlet, tender (Phaseolus coccineus)",Other vegetables
"Bitter gourd, jagged, teeth ridges, elongate (Momordica charantia)",Other vegetables
"Bitter gourd, jagged, teeth ridges, short (Momordica charantia)",Other vegetables
"Bitter gourd, jagged, smooth ridges, elongate (Momordica charantia)",Other vegetables
"Bottle gourd, elongate, pale green (Lagenaria vulgaris)",Other vegetables
"Bottle gourd, round, pale green (Lagenaria vulgaris)",Other vegetables
"Bottle gourd, elongate, dark green (Lagenaria vulgaris)",Other vegetables
Brinjal-1 (Solanum melongena),Other vegetables
Brinjal-2 (Solanum melongena),Other vegetables
Brinjal-3 (Solanum melongena),Other vegetables
Brinjal-4 (Solanum melongena),Other vegetables
Brinjal-5 (Solanum melongena),Other vegetables
Brinjal-6 (Solanum melongena),Other vegetables
Brinjal-7 (Solanum melongena),Other vegetables
Brinjal-8 (Solanum melongena),Other vegetables
Brinjal-9 (Solanum melongena),Other vegetables
Brinjal-10 (Solanum melongena),Other vegetables
Brinjal-11 (Solanum melongena),Other vegetables
Brinjal-12 (Solanum melongena),Other vegetables
Brinjal-13 (Solanum melongena),Other vegetables
Brinjal-14 (Solanum melongena),Other vegetables
Brinjal-15 (Solanum melongena),Other vegetables
Brinjal-16 (Solanum melongena),Other vegetables
Brinjal-17 (Solanum melongena),Other vegetables
Brinjal-18 (Solanum melongena),Other vegetables
Brinjal-19 (Solanum melongena),Other vegetables
Brinjal-20 (Solanum melongena),Other vegetables
Brinjal-21 (Solanum melongena),Other vegetables
Brinjal - all varieties (Solanum melongena),Other vegetables
Broad beans (Vicia faba),Other vegetables
"Capsicum, green (Capsicum annuum)",Other vegetables
"Capsicum, red (Capsicum annuum)",Other vegetables
"Capsicum, yellow (Capsicum annuum)",Other vegetables
Cauliflower (Brassica oleracea var. botrytis),Other vegetables
Celery stalk (Apium graveolens),Other vegetables
Cho-cho-marrow (Sechium edule),Other vegetables
Cluster beans (Cyamopsis tetragonobola),Other vegetables
"Colocasia, stem, black (Colocasia esculenta)",Other vegetables
"Colocasia, stem, green (Colocasia esculenta)",Other vegetables
"Corn, Baby (Zea mays)",Other vegetables
"Cucumber, green, elongate (Cucumis sativus)",Other vegetables
"Cucumber, green, short (Cucumis sativus)",Other vegetables
"Cucumber, orange, round (Cucumis sativus)",Other vegetables
Drumstick (Moringa oleifera),Other vegetables
"Field beans, tender, broad (Vicia faba)",Other vegetables
"Field beans, tender, lean (Vicia faba)",Other vegetables
"French beans, country (Phaseolus vulgaris)",Other vegetables
"French beans, hybrid (Phaseolus vulgaris)",Other vegetables
"Jack fruit, raw (Artocarpus heterophyllus)",Other vegetables
"Jack fruit, seed, mature (Artocarpus heterophyllus)",Other vegetables
Knol - Khol (Brassica oleracea),Other vegetables
"Kovai, big (Coccinia cordifolia)",Other vegetables
"Kovai, small (Coccinia cordifolia)",Other vegetables
Ladies finger (Abelmoschus esculentus),Other vegetables
"Mango, green, raw (Mangifera indica)",Other vegetables
"Onion, stalk (Allium cepa)",Other vegetables
"Papaya, raw (Carica papaya)",Other vegetables
Parwar (Trichosanthes dioica),Other vegetables
"Peas, fresh (Pisum sativum)",Other vegetables
"Plantain, flower (Musa x paradisiaca)",Other vegetables
"Plantain, green (Musa x paradisiaca)",Other vegetables
"Plantain, stem (Musa x paradisiaca)",Other vegetables
"Pumpkin, green, cylindrical (Cucurbita maxima)",Other vegetables
"Pumpkin, orange, round (Cucurbita maxima)",Other vegetables
"Red gram, tender, fresh (Cajanus cajan)",Other vegetables
Ridge gourd (Luffa acutangula),Other vegetables
"Ridge gourd, smooth skin (Luffa acutangula)",Other vegetables
"Snake gourd, long, pale green (Trichosanthes anguina)",Other vegetables
"Snake gourd, long, dark green (Trichosanthes anguina)",Other vegetables
"Snake gourd, short (Trichosanthes anguina)",Other vegetables
"Tinda, tender (Praecitrullus fistulosus)",Other vegetables
"Tomato, green (Solanum lycopersicum)",Other vegetables
"Tomato, ripe, hybrid (Solanum lycopersicum)",Other vegetables
"Tomato, ripe, local (Solanum lycopersicum)",Other vegetables
"Zucchini, green (Cucurbita pepo)",Other vegetables
"Zucchini, yellow (Cucurbita pepo)",Other vegetables
Cowpea pods,Other vegetables
Double beans,Other vegetables
Drumstick flowers,Other vegetables
Ghosala,Other vegetables
Kankoda,Other vegetables
Karonda fresh,Other vegetables
Karonda dry,Other vegetables
Kheksa,Other vegetables
"Lakuch, raw",Other vegetables
"Lotus stem, dry",Other vegetables
Leeks,Other vegetables
Pink beans,Other vegetables
Pumpkin flowers,Other vegetables
"Sundakai, dry",Other vegetables
Sword beans,Other vegetables
Vegetable marrow,Other vegetables
"Water chestnut, dry",Other vegetables
Agathi flowers,Other vegetables
Artichoke,Other vegetables
Bagnaha,Other vegetables
"Borooee, raw",Other vegetables
Chaltha,Other vegetables
Kandan kathiri,Other vegetables
"Lotus seed, green and mature",Other vegetables
Madapu ginja,Other vegetables
Phutka chattoo,Other vegetables
Nisorha flowers,Other vegetables
Rhubarb stalks,Other vegetables
Sanga ka phal,Other vegetables
Sannhemp flowers,Other vegetables
"Sea weeds, fresh",Other vegetables
"Sea weeds, dry",Other vegetables
Silk cotton flowers,Other vegetables
Tetralobar bean,Other vegetables
Water lily flowers,Other vegetables
"Curly kale, raw",
"Tomatoes, cherry, raw",
"Sweetcorn, kernels, raw",
"Olives, green, in brine, drained, flesh and skin",
"Gherkins, pickled, drained",
"Pickle, sweet",
PITTED BLACK OLIVES,
"Beans, broad, whole, raw",
"Apple, big (Malus domestica)",Fruits
"Apple, green (Malus domestica)",Fruits
"Apple, small (Malus domestica)",Fruits
"Apple, small, Kashmir (Malus domestica)",Fruits
"Apricot, dried (Prunus armeniaca)",Fruits
"Apricot, processed (Prunus armeniaca)",Fruits
Avocado fruit (Persea sp.),Fruits
Bael fruit (Aegle marmelos),Fruits
"Banana, ripe, montham (Musa x paradisiaca)",Fruits
"Banana, ripe, poovam (Musa x paradisiaca)",Fruits
"Banana, ripe, red (Musa x paradisiaca)",Fruits
"Banana, ripe, robusta (Musa x paradisiaca)",Fruits
Black berry (Rubus sp.),Fruits
"Cherries, red (Prunus cerasus)",Fruits
"Currants, black (Ribes nigrum)",Fruits
Custard apple (Annona squamosa),Fruits
"Dates, dry, pale brown (Phoenix dactylifera)",Fruits
"Dates, dry, dark brown (Phoenix dactylifera)",Fruits
"Dates, processed (Phoenix dactylifera)",Fruits
Fig (Ficus carica),Fruits
Goosberry (Emblica officinalis),Fruits
"Grapes, seeded, round, black (Vitis vinifera)",Fruits
"Grapes, seeded, round, green (Vitis vinifera)",Fruits
"Grapes, seeded, round, red (Vitis vinifera)",Fruits
"Grapes, seedless, oval, black (Vitis vinifera)",Fruits
"Grapes, seedless, round, green (Vitis vinifera)",Fruits
"Grapes, seedless, round, black (Vitis vinifera)",Fruits
"Guava, white flesh (Psidium guajava)",Fruits
"Guava, pink flesh (Psidium guajava)",Fruits
"Jack fruit, ripe (Artocarpus heterophyllus)",Fruits
"Jambu fruit, ripe (Syzygium samarangense)",Fruits
Karonda fruit (Carissa carandas),Fruits
"Lemon, juice (Citrus limon)",Fruits
"Lime, sweet,pulp (Citrus limetta)",Fruits
Litchi (Nephelium litchi),Fruits
"Mango, ripe, banganapalli (Mangifera indica)",Fruits
"Mango, ripe, gulabkhas (Mangifera indica)",Fruits
"Mango, ripe, himsagar (Mangifera indica)",Fruits
"Mango, ripe, kesar (Mangifera indica)",Fruits
"Mango, ripe, neelam (Mangifera indica)",Fruits
"Mango, ripe, paheri (Mangifera indica)",Fruits
"Mango, ripe, totapari (Mangifera indica)",Fruits
Mangosteen (Garcinia mangostana),Fruits
Manila tamarind (Pithecellobium dulce),Fruits
"Musk melon, orange flesh (Cucumis melon)",Fruits
"Musk melon, yellow flesh (Cucumis melon)",Fruits
"Orange, pulp (Citrus aurantium)",Fruits
"Palm fruit, tender (Borassus flabellifer)",Fruits
"Papaya, ripe (Carcia papaya)",Fruits
Peach (Prunus communis),Fruits
Pear (Pyrus sp.),Fruits
Phalsa (Grewia asiatica),Fruits
Pineapple (Ananas comosus),Fruits
Plum (Prunus domestica),Fruits
"Pomegranate, maroon seeds (Punica granatum)",Fruits
Pummelo (Citrus maxima),Fruits
"Raisins, dried, black (Vitis vinifera)",Fruits
"Raisins, dried, golden (Vitis vinifera)",Fruits
Rambutan (Nephelium lappaceum),Fruits
Sapota (Achras sapota),Fruits
Soursop (Annona muricata),Fruits
Star fruit (Averrhoa carambola),Fruits
Strawberry (Fragaria x ananassa),Fruits
"Tamarind, pulp (Tamarindus indica)",Fruits
"Water melon, dark green (sugar baby) (Citrullus vulgaris)",Fruits
"Water melon, pale green (Citrullus vulgaris)",Fruits
Wood Apple (Limonia acidissima),Fruits
Zizyphus (Zizyphus jujube),Fruits
Ambada,Fruits
Amla,Fruits
Avocado pear,Fruits
Banyan tree figs,Fruits
Bilimbi,Fruits
Bread fruit,Fruits
Bullock's heart,Fruits
Cape gooseberry,Fruits
Grapes blue variety,Fruits
Grapes pale green variety,Fruits
Grape fruit marsh's seedless,Fruits
Grape fruit triumph,Fruits
"Guava, country",Fruits
"Guava, hill",Fruits
Harfarowrie,Fruits
"Jamb, safed",Fruits
Korukkapalli,Fruits
Lakuch,Fruits
Lemon,Fruits
Lemon sweet,Fruits
"Lichies, bastard",Fruits
Lime,Fruits
Loquat,Fruits
"Mahua, ripe",Fruits
Mulberry,Fruits
Orange juice,Fruits
Palmyra fruit ripe (mesocarp),Fruits
Palmyra fruit tender,Fruits
Passion fruit,Fruits
Passion fruit juice,Fruits
Persimmon,Fruits
Prunes,Fruits
Quince,Fruits
Raspberry,Fruits
Rose apple,Fruits
Tomatillo,Fruits
Tree tomato,Fruits
Baincha,Fruits
Bamboo fruit,Fruits
Blackberry,Fruits
Borooee ,Fruits
Carambola,Fruits
Cherimoyer,Fruits
Durian,Fruits
Gab,Fruits
Jurmata,Fruits
Kesaur,Fruits
Kila pazham,Fruits
Kusum fruits,Fruits
Langsat,Fruits
"Matasura, whole fruit",Fruits
"Matasura, skin and pulp",Fruits
Mulchari,Fruits
Neem fruit,Fruits
Nisorha,Fruits
Paniyala,Fruits
Papa,Fruits
Perar,Fruits
Pipal tree figs,Fruits
Piyal,Fruits
Rayan,Fruits
Sirk,Fruits
Star apple,Fruits
Thavittu pazham,Fruits
Tumki,Fruits
Vikki pazham,Fruits
Blueberries,
Cranberries,
"Kiwi fruit, flesh only, raw",
"Bananas, raw, flesh only, weighed with skin",
"Cherries, West Indian, flesh only",
"Redcurrants, raw",
Sultanas,
Amla,
"Peaches, canned in syrup, whole contents",
"Pears, canned in juice, whole contents",
Currants,
"Cherries, glace",
"Raspberries, raw",
DRIED MANGO,
"Gooseberries, raw",
"Fruit cocktail, canned in juice, whole contents",
"Orange juice, freshly squeezed",
"Lemons, flesh only, raw, weighed with peel and pips",
Beet root (Beta vulgaris),Roots and tubers
"Carrot, orange (Daucus carota)",Roots and tubers
"Carrot, red (Daucus carota)",Roots and tubers
Colocasia (Colocasia esculenta),Roots and tubers
Lotus root (Nelumbium nelumbo),Roots and tubers
"Potato, brown skin, big (Solanum tuberosum)",Roots and tubers
"Potato, brown skin, small (Solanum tuberosum)",Roots and tubers
"Potato, red skin (Solanum tuberosum)",Roots and tubers
"Radish, elongate, red skin (Raphanus sativus)",Roots and tubers
"Radish, elongate, white skin (Raphanus sativus)",Roots and tubers
"Radish, round, red skin (Raphanus sativus)",Roots and tubers
"Radish, round, white skin (Raphanus sativus)",Roots and tubers
"Sweet potato, brown skin (Ipomoea batatas)",Roots and tubers
"Sweet potato, pink skin (Ipomoea batatas)",Roots and tubers
Tapioca (Manihot esculenta),Roots and tubers
Water Chestnut (Eleocharis dulcis),Roots and tubers
"Yam, elephant (Amorphophallus campanulatus)",Roots and tubers
"Yam, ordinary (Amorphophallus sp.)",Roots and tubers
"Yam, wild (Dioscorea villosa)",Roots and tubers
Arrow root flour,Roots and tubers
Banana rhizome,Roots and tubers
Khamalu,Roots and tubers
Parsnip,Roots and tubers
Radish pink,Roots and tubers
Radish rat-tailed,Roots and tubers
Radish table,Roots and tubers
Tapioca chips dried,Roots and tubers
Turnip ,Roots and tubers
Bokwa,Roots and tubers
Budhia,Roots and tubers
Bid root,Roots and tubers
"Canna, edible",Roots and tubers
Chumbia,Roots and tubers
Churkia,Roots and tubers
Epidong sanga,Roots and tubers
Garwar,Roots and tubers
Jipoo sanga,Roots and tubers
Moor sanga,Roots and tubers
Murum sanga,Roots and tubers
Ochen sanga,Roots and tubers
Song,Roots and tubers
Turum sanga,Roots and tubers
"Water lily, red",Roots and tubers
"Water lily, white",Roots and tubers
"Turnip, flesh only, raw",
"Chillies, green-1 (Capsicum annum)",Condiments and spices-fresh
"Chillies, green-2 (Capsicum annum)",Condiments and spices-fresh
"Chillies, green-3 (Capsicum annum)",Condiments and spices-fresh
"Chillies, green-4 (Capsicum annum)",Condiments and spices-fresh
"Chillies, green-5 (Capsicum annum)",Condiments and spices-fresh
"Chillies, green-6 (Capsicum annum)",Condiments and spices-fresh
"Chillies, green-7 (Capsicum annum)",Condiments and spices-fresh
"Chillies, green - all varieties (Capsicum annum)",Condiments and spices-fresh
Coriander leaves (Coriandrum sativum),Condiments and spices-fresh
Curry leaves (Murraya koenigii),Condiments and spices-fresh
"Garlic, big clove (Allium sativum)",Condiments and spices-fresh
"Garlic, small clove (Allium sativum)",Condiments and spices-fresh
"Garlic, single clove, Kashmir (Allium sativum)",Condiments and spices-fresh
"Ginger, fresh (Zingiber officinale)",Condiments and spices-fresh
Mango ginger (Curcuma amada),Condiments and spices-fresh
Mint leaves (Mentha spicata ),Condiments and spices-fresh
"Onion, big (Allium cepa)",Condiments and spices-fresh
"Onion, small (Allium cepa)",Condiments and spices-fresh
Asafoetida (Ferula assa-foetida),Condiments and spices-dry
"Cardamom, green (Elettaria cardamomum)",Condiments and spices-dry
"Cardamom, black (Elettaria cardamomum)",Condiments and spices-dry
"Chillies, red (Capsicum annum)",Condiments and spices-dry
Cloves (Syzygium aromaticum),Condiments and spices-dry
Coriander seeds (Coriandrum sativum),Condiments and spices-dry
Cumin seeds (Cuminum cyminum),Condiments and spices-dry
Fenugreek seeds (Trigonella foenum graecum),Condiments and spices-dry
Mace (Myristica fragrans),Condiments and spices-dry
Nutmeg (Myristica fragrans),Condiments and spices-dry
Omum (Trachyspermum ammi),Condiments and spices-dry
Pippali (Piper longum),Condiments and spices-dry
"Pepper, black (Piper nigrum)",Condiments and spices-dry
Poppy seeds (Papaver somniferum),Condiments and spices-dry
Turmeric powder (Curcuma domestica),Condiments and spices-dry
Arisithippili,Condiments and spices-dry
Chillies dry,Condiments and spices-dry
Cloves green,Condiments and spices-dry
Garlic dry,Condiments and spices-dry
Lime peel,Condiments and spices-dry
Mango powder,Condiments and spices-dry
Nutmeg fruit,Condiments and spices-dry
Nutmeg rind,Condiments and spices-dry
Pepper green,Condiments and spices-fresh
"Spring onions, bulbs only, raw",
"Agar, dried",
Fennel seeds,
"Basil, dried, ground",
"Bay leaf, dried",
Sesame seeds,
Mixed curry spices,
Chilli powder,
Chilli sauce,
"Cinnamon, ground",
Curry powder,
"Mixed herbs, dried",
Garam masala,
Garlic powder,
"Rosemary, dried",
"Oregano, dried, ground",
"Pepper, white",
Salt,
Saffron,
"Thyme, dried, ground",
Vinegar,
Mustard powder,
Yeast extract,
"SIVA'S, AMHUR POWDER (DRY MANGO POWDER)",
AJWAIN SEED WHOLE ORGANIC SPICES,
STAR ANISE,
"Vinegar, distilled",
BALSAMIC VINEGAR,
HIMALAYAN BLACK SALT,
MSG MONOSODIUM GLUTAMATE,
"Capers, canned",
RICE VINEGAR,
Vanilla extract,
Paprika,
"Shallots, raw",
"Spring onions, bulbs and tops, raw",
"GINGER JUICE, GINGER",
"Peppers, jalapeno, raw",
"Lemon peel, raw",
"Lemon grass (citronella), raw",
"Orange peel, raw",
"Ginger, ground",
"Spices, onion powder",
Almond (Prunus amygdalus),Nuts and oil seeds
"Arecanut, dried, brown (Areca catechu)",Nuts and oil seeds
"Arecanut, dried, red color (Areca catechu)",Nuts and oil seeds
"Arecanut, fresh (Areca catechu)",Nuts and oil seeds
Cashew nut (Anacardium occidentale),Nuts and oil seeds
"Coconut, kernal, dry (Cocos nucifera)",Nuts and oil seeds
"Coconut, kernel, fresh (Cocos nucifera)",Nuts and oil seeds
"Garden cress, seeds (Lepidium sativum)",Nuts and oil seeds
"Gingelly seeds, black (Sesamum indicum)",Nuts and oil seeds
"Gingelly seeds, brown (Sesamum indicum)",Nuts and oil seeds
"Gingelly seeds, white (Sesamum indicum)",Nuts and oil seeds
Ground nut (Arachis hypogea),Nuts and oil seeds
Mustard seeds (Brassica nigra),Nuts and oil seeds
Linseeds (Linum usitatissimum),Nuts and oil seeds
"Niger seeds, black (Guizotia abyssinica)",Nuts and oil seeds
"Niger seeds, gray (Guizotia abyssinica)",Nuts and oil seeds
Pine seed (Pinus sp.),Nuts and oil seeds
Pistachio nuts (Pistacla vera),Nuts and oil seeds
Safflower seeds (Carthamus tinctorius),Nuts and oil seeds
Sunflower seeds (Helianthus annuus),Nuts and oil seeds
Walnut (Juglans regia),Nuts and oil seeds
Avocadopear (nut),Nuts and oil seeds
Chilgoza,Nuts and oil seeds
Coconut tender,Nuts and oil seeds
Coconut milk,Nuts and oil seeds
Coconut water,Nuts and oil seeds
"Coconut meal, deoiled",Nuts and oil seeds
Groundnut roasted,Nuts and oil seeds
Groundnut cake,Nuts and oil seeds
Piyal seeds,Nuts and oil seeds
Water melon seeds (kernal),Nuts and oil seeds
Adda seed (kernel),Nuts and oil seeds
Jungli badam,Nuts and oil seeds
Oysternut,Nuts and oil seeds
Mango seed kernel,Nuts and oil seeds
Roselle seeds,Nuts and oil seeds
Bajjar bhang,Nuts and oil seeds
Pumpkin seed,Nuts and oil seeds
Okra (whole seed),Nuts and oil seeds
Okra (kernel),Nuts and oil seeds
Cleome viscosa defatted seed cake,Nuts and oil seeds
Marking nut (kernel),Nuts and oil seeds
Melon seeds,
Coconut milk,
"Hazelnuts, kernel only",
"Seeds, lotus seeds, dried",
"MIXED NUTS CASHEWS, ALMONDS, HAZELNUTS, PISTACHIOS, PECANS, MIXED NUTS",
Chia seeds,
ALMOND MILK,
"Nuts, coconut water (liquid from coconuts)",
Pumpkin seeds,
"Jaggery, cane (Saccharum officinarum)",Sugars
"Sugarcane, juice (Saccharum officinarum)",Sugars
Sugar cane,Sugars
Honey,Sugars
Jaggery (coconut palm),Sugars
Jaggery (date palm),Sugars
Jaggery (fan palm),Sugars
Jaggery (sago palm),Sugars
Sago,Sugars
"Ice cream, dairy, vanilla, soft scoop",
"Sugar, white",
"Sugar, brown",
"Sugar, icing",
"Syrup, corn, dark",
Honey,
"Sago, raw",
"Chocolate, plain",
"Candies, gum drops, no sugar or low calorie (sorbitol)",
"TUTTI FRUTTI GUMBALLS, TUTTI FRUTTI",
"Button mushroom, fresh (Agaricus sp.)",Mushrooms
"Chicken mushroom, fresh (Lactiporus sp.)",Mushrooms
"Shiitake mushroom, fresh (Lentinula sp.)",Mushrooms
"Oyster mushroom, dried (Pleurotus sp.)",Mushrooms
Toddy (Borassus flabellifer),Miscellaneous foods
Coconut Water (Cocos nucifera),Miscellaneous foods
Pachwai (assam),Miscellaneous foods
"Toddy, fermented",Miscellaneous foods
"Toddy, sweet",Miscellaneous foods
Neera,Miscellaneous foods
Baking powder,
Bicarbonate of soda,
"Spirits, 40% volume",
Custard powder,
Gelatine,
"Water, distilled",
"Stock cubes, chicken",
"Stock cubes, vegetable",
"Milk, whole, Buffalo",Milk and milk products
"Milk, whole, Cow",Milk and milk products
Paneer,Milk and milk products
Khoa,Milk and milk products
Milk ass's,Milk and milk products
Milk goat's,Milk and milk products
Milk human,Milk and milk products
Curds (cow's milk),Milk and milk products
Butter milk,Milk and milk products
"Skimmed milk, liquid",Milk and milk products
"Channa, cow's milk",Milk and milk products
"Channa, buffalo's milk",Milk and milk products
Cheese,Milk and milk products
Khoa (whole buffalo milk),Milk and milk products
Khoa (skimmed buffalo milk),Milk and milk products
Skimmed milk powder (cow's milk),Milk and milk products
Whole milk powder (cow's milk),Milk and milk products
"Cheese, Cheddar, English",
"Cheese spread, cream cheese, regular",
"Cheese, cottage, plain",
"Cheese, Mozzarella, fresh",
"Cheese, processed, plain",
"Cheese, Feta",
"Mayonnaise, standard, retail",
"Milk, condensed, whole, sweetened",
"Milk, evaporated, light",
"Milk, skimmed, dried, fortified",
"Cheese, Ricotta",
"Cream, fresh, whipping",
"Cheese, provolone",
"Sour cream, regular",
"Cream, fluid, light (coffee cream or table cream)",
"Milk, dry, nonfat, regular, without added vitamin A and vitamin D",
"Whey, acid, fluid",
"Cheese, cream, low fat",
"Cream, fresh, single",
"Yogurt, whole milk, plain",
"Milk, buttermilk, fluid, whole",
"Egg, poultry, whole, raw",Egg and egg products
"Egg, poultry, white, raw",Egg and egg products
"Egg, poultry, yolk, raw",Egg and egg products
"Egg, poultry, whole, boiled",Egg and egg products
"Egg, poultry, white, boiled",Egg and egg products
"Egg, poultry, yolk, boiled",Egg and egg products
"Egg, poultry, omlet",Egg and egg products
"Egg, country hen, whole, raw",Egg and egg products
"Egg, country hen, whole, boiled",Egg and egg products
"Egg, country hen, omlet",Egg and egg products
"Egg, duck, whole, boiled",Egg and egg products
"Egg, duck, whole, raw",Egg and egg products
"Egg, duck, whole, omlet",Egg and egg products
"Egg, quial, whole, raw",Egg and egg products
"Egg, quial, whole, boiled",Egg and egg products
"Egg, turtle",Egg and egg products
"Chicken, poultry, leg, skinless",Poultry
"Chicken, poultry, thigh, skinless",Poultry
"Chicken, poultry, breast, skinless",Poultry
"Chicken, poultry, wing, skinless",Poultry
"Poultry, chicken, liver",Poultry
"Poultry, chicken, gizzard",Poultry
"Country hen, leg, with skin",Poultry
"Country hen, thigh, with skin",Poultry
"Country hen, breast, with skin",Poultry
"Country hen, wing, with skin",Poultry
"Duck, meat, with skin",Poultry
"Emu, meat, skinless",Poultry
"Guinea fowl, meat, with skin",Poultry
"Pigeon, meat, with skin",Poultry
"Quail, meat, skinless",Poultry
"Turkey, leg, with skin",Poultry
"Turkey, thigh, with skin",Poultry
"Turkey, breast, with skin",Poultry
"Turkey, wing, with skin",Poultry
Buffalo meat,Animal meat
Finch,Animal meat
Fowl,Animal meat
Goat meat (lean),Animal meat
Grey quail,Animal meat
Ruff and reeve,Animal meat
"Snail, small",Animal meat
"Snail, big",Animal meat
Turtle's meat,Animal meat
Venison,Animal meat
Boordood,Animal meat
Dhauns,Animal meat
Field rat's meat,Animal meat
Meat of narrow snouted crocodile,Animal meat
Red ants with egg,Animal meat
Wood sand piper,Animal meat
Yeast dried (brewer's),Animal meat
Yeast dried (food),Animal meat
"Chicken, whole, corn-fed, raw, meat and skin, weighed with bone",
"Goat, shoulder",Animal meat
"Goat, chops",Animal meat
"Goat, legs",Animal meat
"Goat, brain",Animal meat
"Goat, tongue",Animal meat
"Goat, lungs",Animal meat
"Goat, heart",Animal meat
"Goat, liver",Animal meat
"Goat, tripe",Animal meat
"Goat, spleen",Animal meat
"Goat, kidneys",Animal meat
"Goat, tube (small intestine)",Animal meat
"Goat, testis",Animal meat
"Sheep, shoulder",Animal meat
"Sheep, chops",Animal meat
"Sheep, leg",Animal meat
"Sheep, brain",Animal meat
"Sheep, tongue",Animal meat
"Sheep, lungs",Animal meat
"Sheep, heart",Animal meat
"Sheep, liver",Animal meat
"Sheep, tripe",Animal meat
"Sheep, spleen",Animal meat
"Sheep, kidneys",Animal meat
"Beef, shoulder",Animal meat
"Beef, chops",Animal meat
"Beef, round (leg)",Animal meat
"Beef, brain",Animal meat
"Beef, tongue",Animal meat
"Beef, lungs",Animal meat
"Beef, heart",Animal meat
"Beef, liver",Animal meat
"Beef, tripe",Animal meat
"Beef, spleen",Animal meat
"Beef, kidneys",Animal meat
"Calf, shoulder",Animal meat
"Calf, chops",Animal meat
"Calf, round (leg)",Animal meat
"Calf, brain",Animal meat
"Calf, tongue",Animal meat
"Calf, heart",Animal meat
"Calf, liver",Animal meat
"Calf, spleen",Animal meat
"Calf, kidneys",Animal meat
"Mithun, shoulder",Animal meat
"Mithun, chops",Animal meat
"Mithun, round (leg)",Animal meat
"Pork, shoulder",Animal meat
"Pork, chops",Animal meat
"Pork, ham",Animal meat
"Pork, lungs",Animal meat
"Pork, heart",Animal meat
"Pork, liver",Animal meat
"Pork, stomach",Animal meat
"Pork, spleen",Animal meat
"Pork, kidneys",Animal meat
"Pork, tube (small intestine)",Animal meat
"Hare, shoulder",Animal meat
"Hare, chops",Animal meat
"Hare, leg",Animal meat
"Rabbit, shoulder",Animal meat
"Rabbit, chops",Animal meat
"Rabbit, leg",Animal meat
"Mutton, muscle",Animal meat
"Bacon rashers, back, raw",
Ham,
"Lamb, mince, raw",
Salami,
"Sausages, premium, raw",
Allathi (Elops machnata),Marine fish
Aluva (Parastromateus niger),Marine fish
Anchovy (Stolephorus indicus),Marine fish
Ari fish (Aprion virescens ),Marine fish
Betki (Lates calcarifer),Marine fish
Black snapper (Macolor niger),Marine fish
Bombay duck (Harpadon nehereus),Marine fish
Bommuralu (Muraenesox cinerius),Marine fish
Cat fish (Tachysurus thalassinus),Marine fish
Chakla (Rachycentron canadum),Marine fish
Chappal (Aluterus monoceros ),Marine fish
Chelu (Elagatis bipinnulata),Marine fish
Chembali (Lutjanus quinquelineatus),Marine fish
Eri meen (Pristipomoides filamentosus),Marine fish
Gobro (Epinephelus diacanthus),Marine fish
Guitar fish (Rhinobatus prahli),Marine fish
Hilsa (Tenualosa ilisha),Marine fish
Jallal (Arius sp.),Marine fish
Jathi vela meen (Lethrinus lentjan),Marine fish
Kadal bral (Synodus indicus),Marine fish
Kadali (Nemipterus mesoprion),Marine fish
Kalamaara (Leptomelanosoma indicum),Marine fish
Kalava (Epinephelus coioides),Marine fish
Kanamayya (Lutjanus rivulatus),Marine fish
Kannadi paarai (Alectis indicus),Marine fish
Karimeen (Etroplus suratensis),Marine fish
Karnagawala (Anchoa hepsetus),Marine fish
Kayrai (Thunnus albacores),Marine fish
Kiriyan (Atule mate),Marine fish
Kite fish (Mobula kuhlii),Marine fish
Korka (Terapon jarbua),Marine fish
Kulam paarai (Carangoides fulvoguttatus),Marine fish
Maagaa (Polynemus plebeius),Marine fish
Mackerel (Rastrelliger kanagurta),Marine fish
Manda clathi (Naso reticulatus),Marine fish
Matha (Acanthurus mata),Marine fish
Milk fish (Chanos chanos),Marine fish
Moon fish (Mene maculata),Marine fish
Mullet (Mugil cephalus),Marine fish
Mural (Tylosurus crocodilus),Marine fish
Myil meen (Istiophorus platypterus),Marine fish
Nalla bontha (Epinephelus sp.),Marine fish
Narba (Caranx sexfasciatus),Marine fish
Paarai (Caranx heberi),Marine fish
Padayappa (Canthidermis maculata),Marine fish
Pali kora (Panna microdon),Marine fish
Pambada (Lepturacanthus savala),Marine fish
Pandukopa (Pseudosciaena manchurica),Marine fish
Parava (Lactarius lactarius),Marine fish
Parcus (Psettodes erumei),Marine fish
Parrot fish (Scarus ghobban),Marine fish
Perinkilichai (Pinjalo pinjalo),Marine fish
Phopat (Coryphaena hippurus),Marine fish
Piranha (Pygopritis sp.),Marine fish
"Pomfret, black (Parastromateus niger)",Marine fish
"Pomfret, snub nose (Trachinotus blochii)",Marine fish
"Pomfret, white (Pampus argenteus)",Marine fish
Pranel (Gerres sp.),Marine fish
Pulli paarai (Gnathanodon speciosus),Marine fish
Queen fish (Scomberoides commersonianus),Marine fish
Raai fish (Lobotes surinamensis),Marine fish
Raai vanthu (Epinephelus chlorostigma),Marine fish
Rani (Pink perch),Marine fish
"Ray fish, bow head, spotted (Rhina ancylostoma)",Marine fish
Red snapper (Lutjanus argentimaculatus),Marine fish
"Red snapper, small (Priacanthus hamrur)",Marine fish
Sadaya (Platax orbicularis ),Marine fish
Salmon (Salmo salar),Marine fish
Sangada (Nemipterus japanicus),Marine fish
Sankata paarai (Caranx ignobilis),Marine fish
Sardine (Sardinella longiceps),Marine fish
Shark (Carcharhinus sorrah),Marine fish
"Shark, hammer head (Sphyrna mokarran)",Marine fish
"Shark, spotted (Stegostoma fasciatum)",Marine fish
Shelavu (Sphyraena jello),Marine fish
Silan (Silonia silondia),Marine fish
Silk fish (Beryx sp.),Marine fish
Silver carp (Hypophthalmichthys molitrix),Marine fish
Sole fish (Cynoglossus arel),Marine fish
Stingray (Dasyatis pastinaca),Marine fish
Tarlava (Drepane punctata),Marine fish
Tholam (Plectorhinchus schotaf),Marine fish
Tilapia (Oreochromis niloticus),Marine fish
Tuna (Euthynnus affinis),Marine fish
"Tuna, striped (Katsuwonus pelamis)",Marine fish
Valava (Chirocentrus nudus),Marine fish
Vanjaram (Scomberomorus commerson ),Marine fish
Vela meen (Aprion virescens),Marine fish
Vora (Siganus javus),Marine fish
Whale shark (Galeocerdo cuvier),Marine fish
Xiphinis (Xiphias gladius),Marine fish
"Eggs, Cat fish (Ompok bimaculatus)",Marine fish
Air,Marine fish
Bacha,Marine fish
Bam,Marine fish
Baspata machli,Marine fish
"Bata, small varieties",Marine fish
Beley,Marine fish
Bhagon fresh,Marine fish
Bhagon dried,Marine fish
Bhangan bata,Marine fish
Bhekti fresh,Marine fish
Bhekti dried,Marine fish
Bhola,Marine fish
Big jawed jumper,Marine fish
Boal,Marine fish
Blue mussel,Marine fish
Chela,Marine fish
Chela dried,Marine fish
Chingai small dried,Marine fish
"Chingai goda, dried",Marine fish
Chital,Marine fish
Crab muscle,Marine fish
Crab small,Marine fish
Folui,Marine fish
Ghol,Marine fish
Goggler,Marine fish
"Hearing, indian",Marine fish
Hearing ox-eyed,Marine fish
Horse mackerel,Marine fish
Indian whiting,Marine fish
Jew fish (kora),Marine fish
Jew fish (pallikora),Marine fish
Kalabasu,Marine fish
Katla,Marine fish
Khorsula,Marine fish
Khoyra fresh,Marine fish
Khoyra dried,Marine fish
Koi,Marine fish
Koocha machli,Marine fish
Lata,Marine fish
Magur,Marine fish
Mahasole,Marine fish
"Mandeli, dried",Marine fish
Mrigal,Marine fish
Mushi dried,Marine fish
"Mussel, fresh water",Marine fish
"Mutijella, dried",Marine fish
Oil sardine,Marine fish
Pabda,Marine fish
Parsey dried,Marine fish
Puti,Marine fish
Ravas,Marine fish
Ray,Marine fish
Ribbon fish fresh,Marine fish
Ribbon fish dried,Marine fish
Sarputi,Marine fish
"Shrimp (small, dried)",Marine fish
Seer,Marine fish
Silver belly,Marine fish
Singhala,Marine fish
Singhi,Marine fish
Sole (malahar),Marine fish
Surmai fresh,Marine fish
Surmai dried,Marine fish
Tapra (dried) .,Marine fish
Tapsi (dried),Marine fish
Tartoor,Marine fish
Tengra fresh,Marine fish
Tengra dried,Marine fish
Tunny,Marine fish
White bait,Marine fish
Crab (Menippe mercenaria),Marine shellfish
"Crab, sea (Portunus sanguinolentus)",Marine shellfish
"Lobster, brown (Thenus orientalis)",Marine shellfish
"Lobster, king size (Thenus orientalis)",Marine shellfish
Mud crab (Scylla tranquebarica),Marine shellfish
Oyster (Crassostrea sp.),Marine shellfish
"Tiger prawns, brown (Solenocera crassicornis)",Marine shellfish
"Tiger Prawns, orange (Penaeus monodon)",Marine shellfish
"Clam, green shell (Perna viridis )",Marine Mollusks
"Clam, white shell, ribbed (Meretrix meretrix)",Marine Mollusks
Octopus (Octopus vulgaris),Marine Mollusks
"Squid, black (Loligo sp.)",Marine Mollusks
"Squid, hard shell (Sepia pharaonis)",Marine Mollusks
"Squid, red (Loligo duvaucelii)",Marine Mollusks
"Squid, white, small (Uroteuthis duvauceli )",Freshwater fish and shellfish
Cat fish (Tandanus tandanus),Freshwater fish and shellfish
Catla (Catla catla),Freshwater fish and shellfish
Freshwater Eel (Anguilla anguilla),Freshwater fish and shellfish
Gold fish (Carassius auratus),Freshwater fish and shellfish
Pangas (Pangasianodon hypophthalmus),Freshwater fish and shellfish
Rohu (Labeo rohita),Freshwater fish and shellfish
Crab (Pachygrapsus sp.),Freshwater fish and shellfish
"Prawns, big (Macrobrachium rosenbergii)",Freshwater fish and shellfish
"Prawns, small (Macrobrachium sp.)",Freshwater fish and shellfish
Tiger prawns (Macrobrachium sp.),Freshwater fish and shellfish
Butter,Oil and oil products
Ghee (cow),Oil and oil products
Ghee (buffalo),Oil and oil products
Hydrogenated oil (fortified),Oil and oil products
"Cooking oil (groundnut, gingerly, palmolein, mustard, coconut, etc)",Oil and oil products
"Butter, salted",
"Butter, unsalted",
"Oil, olive",
MARGARINE,
"Ghee, butter",
"Oil, coconut",
"Oil, sunflower",
"Oil, sesame",
"Oil, mustard",
"Biscuits, digestive, plain",
"Bread, brown, average",
"Bread, brown, toasted",
Cream of tartar,
HOT DOG BUNS,
WHITE HAMBURGER BUNS,
WHOLE WHEAT HAMBURGER BUNS,
"Wafers, plain ice cream wafers, not filled",
"Bread, white, average",
"Apple juice, clear, ambient and chilled",
Cocoa powder,
"Coffee, powder, instant",
Cola,
"Drinking chocolate, powder",
"Energy drink, carbonated",
"Fruit cocktail, canned in syrup, whole contents",
"Fruit juice drink/squash, diluted",
"Fruit juice drink/squash, undiluted",
"Pineapple juice, unsweetened",
"Tea, black, infusion, average",
"Tea, green, infusion",
"Jelly, made with water",
Marmalade,
JAM,
STRAWBERRY JAM,
"Sauces, Indian cook in, other",
"Soy sauce, light and dark varieties",
Tomato ketchup,
Tomato puree,
"Tomato sauce, homemade",
"White sauce, savoury, made with whole milk, homemade",
Worcestershire sauce,
"Dips, sour-cream based, assorted flavours",
"Dressing, thousand island",
"Dressing, French",
"Mint sauce, homemade",
"Pizza base, raw",
MUSTARD SAUCE,
"DIJON MUSTARD, DIJON",
"CAJUN SEASONING, CAJUN",
CREAMED CORN,
Hot tea (Garam Chai),
Instant coffee,
Espreso coffee,
Iced tea,
Raw mango drink (Aam panna),
Fruit Punch (with fresh juices),
Fruit Punch (with squashes),
Lemonade,
Lem-o-gin,
Cumin infused water (Jeere/Zeere ka pani),
Coco pine cooler,
Summer cooler,
Hot cocoa,
Cold coffee with ice cream,
Banana milkshake (Kele milkshake),
Mango milkshake (Aam milkshake),
Pineapple milkshake (Ananas milkshake),
Orange milkshake (Narangi milkshake),
Egg nog,
Sweet Lassi (Meethi lassi),
Lassi (salted),
Cheese and chilli sandwich ,
Egg sandwich (Ande ka sandwich),
Cucumber sandwich (Kheere ka sandwich),
Cheese and pineapple sandwich (Cheese aur ananas ka sandwich),
Cheese and tomato sandwich (Cheese aur tamatar ke sandwich),
Chicken sandwich,
Peanut and tomato sandwich (Moongfali aur tamatar ka sandwich),
Rainbow sandwich,
Club sandwich ,
Vegetarian club sandwich,
Pin wheel sandwich,
Carrot apple sandwich (Gajar aur seb ka sandwich),
Salami sandwich,
Vegetable and mayonnaise sandwich,
Egg and tomato sandwich (Ande aur tamatar ka sandwich),
Sweet open sandwich,
Mushroom and cheese sandwich (toasted),
Cheese and tomato sandwich (toasted) (Cheese aur tamatar ke sandwich (toasted)),
Pea potato sandwich (toasted) (Matar aloo ka sandwich),
Paneer pea sandwich (toasted) (Paneer matar ka sandwich),
Chicken sandwich (toasted),
Pea keema sandwich (toasted) (Matar aur keema ka sandwich),
Classic club sandwich,
Sesame toast,
Cracked wheat porridge (Meetha daliya),
Semolina porridge (Suji/Rava daliya),
Oatmeal Porridge,
Cornflakes with milk,
Rice flakes (Chiwda/Aval),
Wheat flakes,
Murmura (Puffed rice),
Puffed wheat (Murmure/Moori),
Boiled egg (Ubla anda),
Fried Egg ,
Poached egg,
Scrambled egg (Ande ki bhurji),
Baked egg ,
Plain omelette/omlet,
Stuffed egg omelette/omlet,
Pancake,
Keema pancake,
Vegetable pancake,
Jam and fruit pancake,
Khoa and coconut pancake,
Brown stock,
Vegetable stock,
Chicken stock,
Clear tomato soup (Tamatar ka soup),
Lentil soup,
Chicken consomme (Clear chicken soup),
Cream of tomato soup,
Cream of green peas soup,
Cream of spinach soup,
Cream of mixed vegetable soup,
Cream of mushroom soup,
Chicken sweet corn soup,
Minestrone soup,
Egg drop soup,
Chinese cabbage and meat ball soup,
French onion soup,
Hot and sour soup,
Talaumein soup,
Cold cucumber soup (Thanda kheere ka soup),
Cold summer garden soup,
Chapati/Roti,
Plain parantha/paratha,
Potato parantha/paratha (Aloo ka parantha/paratha),
Radish parantha/paratha (Mooli ka parantha/paratha),
Cauliflower parantha/paratha (Phoolgobhi ka parantha/paratha),
Dal parantha/paratha,
Sprouted moong parantha/paratha,
Pea parantha/paratha (Matar ka parantha/paratha),
Keema parantha/paratha,
Paneer parantha/paratha,
Besan and spinach parantha/paratha (Besan aur palak ka parantha/paratha),
Poori,
Spinach poori (Palak poori),
Methi poori,
Dal stuffed poori,
Potato stuffed poori (Aloo ki poori),
Tandoori parantha/paratha,
Boiled rice (Uble chawal),
Plain pulao,
Mixed vegetable pulao,
Mushroom pulao,
Sprouted moong pulao,
Paneer pulao,
Peanut pulao ,
Navratan pulao,
Green chickpeas pulao (Choliya pulao/Hare chane ka pulao),
Mutton biryani/biriyani,
Vegetable biryani/biriyani,
"Lemon rice (Pulihora, Elumichai sadam, Chitranna)",
Sweet rice (Meethe chawal),
Curd rice (Dahi bhaat/Dahi chawal/ Perugu annam/Daddojanam/Thayir saadam),
Tamarind rice (Chintapandu pulihora/Puliyodharai/Puli sadam/Huli anna),
Spanish rice,
Chinese fried rice,
Macroni cheese pie,
Vegetable chowmein,
Chicken chowmein,
Cheese noodle ring,
Spaghetti and cheese balls in tomato sauce,
Penne platter,
Pasta hot pot,
Chicken lasagne,
Fettuccine with spinach sauce,
Naan,
Bhatura,
Idli,
Masala dosa,
Semolina dosa (Suji/Rava dosa),
Onion tomato uttapam,
Paneer kaathi roll,
Makki ki roti,
Washed moong dal (Dhuli moong ki dal),
Washed urad dal (Dhuli urad ki dal),
Split bengal gram with bottle gourd (Channa dal with ghiya/lauki),
Dry washed urad,
Mixed dal,
Whole moong (Moong ki dal),
Whole masoor (Masoor ki dal),
Whole moth (Moth ki dal),
Whole urad (Urad ki dal),
Moti mahal dal (Urad rajmah mix dal),
Black channa curry/Bengal gram curry (Kale chane ki curry),
Chickpeas curry (Safed channa curry),
Lobia curry,
Soyabean curry,
Kidney bean curry (Rajmah curry),
Sambar,
Besan kadhi with pakodies,
Khatta channa,
Sprouted moong dal chat,
Potato cauliflower (Aloo gobhi),
Potato capsicum (Shimla mirch aloo),
Cabbage and peas (Pattagobhi aur matar),
Carrot and fenugreek leaves (Gajar methi),
Potato fenugreek (Aloo methi),
Brinjal bhartha (Baingan ka bhartha),
Dry potato (Sookhe aloo),
Beans with coconut (Nariyal aur sem/phali; Beans thoran),
Cauliflower with coconut (Nariyal ke saath phoolgobhi),
Carrot and cabbage with coconut (Nariyal ke saath pattagobhi aur gajar),
Raw turnip with coconut ,
Raw papaya with coconut (Papaya thoran),
Stuffed okra (Bharwa bhindi),
Stuffed round gourd (Bharwa tinde),
Stuffed capsicum (Bharwa shimla mirch),
Stuffed brinjal (Bharwa baingan),
Stuffed tomatoes (Bharwa tamatar),
Pea potato curry (Aloo matar),
Pea paneer curry (Matar paneer),
Pea mushroom curry (Matar mushroom),
Pea curry (Matar ki sabzi),
Pea vadi curry,
Paneer curry,
Lotus stem curry (Kamal kakdi curry),
Gravy for kofta,
Pea kofta curry (Matar kofta curry),
Spinach kofta curry (Palak kofta curry),
Paneer kofta curry,
Lotus stem kofta curry (Kamal kakdi kofta curry),
Raw banana kofta curry (Kela kofta curry),
Cauliflower kofta curry (Phoolgobhi kofta curry),
Cabbage kofta curry (Pattagobhi kofta curry),
Ghiya/Lauki Kofta Curry,
Spinach paneer kofta curry (Palak paneer kofta curry),
Vegetarian egg kofta curry,
Baked vegetables,
Cauliflower musallam (Phoolgobhi musallam),
Baked vegetables with spinach ,
Baked potato with skin ,
Shepherd's pie (vegetarian),
Baked brinjal in tomato sauce,
Dum aloo,
Spinach paneer (Palak paneer),
Methi chaman,
Sarson ka saag,
Jackfruit sabzi (Kathal ki sabzi),
Avial,
Al yakhani,
Shahi paneer,
Paneer in butter sauce,
Methi malai paneer,
Chilli paneer,
Paneer makhana korma,
Kadhai Paneer,
Roghan josh,
Spinach mutton (Palak mutton),
Pea keema curry (Matar keema ki sabzi),
Keema kofta curry,
Kashmiri mutton koftas (Gushtaba),
Mutton yakhni,
Chicken yakhni,
Mutton do piaza,
Mutton chops,
Shammi kebab,
Scotch egg,
Shepherd's pie (with minced meat),
Chicken curry,
Tandoori chicken,
Butter chicken,
Chicken kebab,
Chilli chicken,
Fried chicken with tomato sauce (Fried chicken tamatar ki chutney kay saath),
Fish curry (Machli curry),
Fried fish (Indian style) (Tali hui machli),
Fried fish and Chips (English Style) (Tali hui machli aur chips),
Tomato fish,
Baked fish with cheese sauce,
Fish tikka,
Tandoori fish,
"Paneer, apple and pineapple salad",
Russian salad,
Pasta salad,
Deviled egg,
Hawain salad,
Mixed pulse and vegetable salad,
Sprouted moong salad ,
Tossed salad,
Mixed vegetable salad with curd sauce,
Potato salad (Aloo ka salaad),
Waldroff salad,
Coleslaw,
Fruit salad (Phalon ka salaad),
Tomato onion raita (Tamatar aur pyaaz ka raita),
Peanut raita (Mungfali ka raita),
Sprouted moong raita ,
Bottle gourd raita (Ghiya/Lauki ka raita),
Cucumber raita (Kheere ka raita),
Carrot and spinach raita (Gajar aur palak ka raita),
Mint raita (Pudinay ka raita),
Potato raita (Aloo ka raita),
Boondi raita,
Sweet raita (Meetha raita),
Dahi vadas/Dahi bhalla,
Gunjia,
Saunth/Sonth chutney with tamarind/imli,
Rice kheer (Chawal ki kheer),
Makhana kheer,
Vermicelli kheer (Semiya/Seviyan ki kheer),
Semolina kheer (Suji/Rava kheer),
Paneer kheer,
Cabbage kheer (Pattagobhi ki kheer),
Carrot kheer (Gajar ki kheer),
Cauliflower kheer (Phoolgobhi ki kheer),
Moong dal kheer,
Phirni,
Semolina halwa (Suji ka halwa),
Shahi suji halwa,
Carrot halwa (Gajar ka halwa),
Egg halwa (Ande ka halwa),
Potato halwa (Aloo ka halwa),
Pumpkin halwa (Kaddu ka halwa),
Moong dal halwa,
Caramel custard (steamed),
Baked custard,
Soft Custard (stirred),
Chocolate ice cream,
Mango ice cream,
Fruit Ice cream (Phalon ka Ice cream),
Caramel ice cream,
Lemon souffle,
Orange souffle,
Vanilla souffle,
Chocolate souffle,
Pineapple souffle ,
Apple mousse,
Rich chocolate mousse,
Mango mousse,
Orange and pineapple cream,
Charlotte rousse,
Triffle pudding,
Snow flakes pudding,
Kulfi,
Steamed orange pudding,
Meringue and rice pudding,
Cheese pudding,
Chocolate pudding,
Bread and butter pudding ,
Queen of pudding,
Pineapple upside down pudding,
Date and nut pie,
Stewed apple with custard,
Apple snowballs,
Hot orange souffle,
Hot chocolate souffle,
Hot vanilla souffle,
Plain burfi (Burfi),
Coconut burfi (Nariyal ki burfi),
Bottle gourd burfi (Ghiya/Lauki burfi),
Chocolate burfi,
Cashewnut burfi (Kaju burfi/Kaju katli),
Gram flour burfi (Besan burfi),
Semolina ladoo with khoya (Suji/Rava aur khoye ke ladoo ),
Semolina ladoo with coconut (Suji/Rava aur nariyal ke ladoo ),
Gram flour ladoo (Besan ladoo),
Sesame ladoo (Til ke ladoo),
Chenna murki,
Milk cake,
Ghujia/Lavang latika,
Gulab Jamun with khoya,
Mal pua,
Shahi tukre,
Potato pakora/pakoda (Aloo pakoda),
Onion pakora/pakoda (Pyaaz ke pakode),
Cauliflower pakora/pakoda (Phoolgobhi ke pakode),
Mixed vegetable pakora/pakoda,
Spinach pakora/pakoda (Palak pakoda),
Methi pakora/pakoda (Methi ke pakode),
Egg pakora/pakoda (Ande ke pakode),
Bread pakora/pakoda,
Paneer pakora/pakoda,
Potato bonda (Aloo bonda),
Potato samosa (Aloo ka samosa),
Minced meat samosa (Keema ka samosa),
Paneer and pea samosa (Paneer matar ka samosa),
Mathri,
Khasta kachori,
Vegetable cutlet,
Flattened rice cutlet (Chirwa cutlet/Chivda cutlet/Poha cutlet),
Peanut cutlet (Mungfali ke cutlet),
Fish cutlet (Machli ka cutlet),
Paneer potato cutlet (Paneer aloo cutlet),
Spinach chickpeas cutlet (Palak channa dal cutlet),
Cheese toast,
Vegetable burger,
Cheese pizza,
Vegetable seekh kebab,
Masala vada,
Peanut sago vada (Sabudana mungfali vada),
Vegeterian scotch egg,
Paneer shaslik/tikka,
Peanut brittle (Moongfali ki chikki),
Spring roll,
Dry mango chutney (Sookhe aam ki chutney),
Peanut chutney (Mungfali ki chutney),
Coconut chutney (Nariyal ki chutney),
Mint and coriander chutney (Pudinay aur dhaniye ki chutney),
Custard tart,
Lemon tart,
Jam tart,
Orange cream tart,
Pineapple tart,
Cheese and mushroom tart,
Cottage cheese pie,
Minced meat pie,
Apple cinnamon pie,
Lemon meringue pie,
Chocolate meringue pie,
Cream puffs,
Chocolate eclairs,
Cheese balls,
Minced meat patties,
Cheese patties,
Hot cheese souffle,
Hot potato souffle,
Hot fish souffle,
Hot spinach souffle,
Plain cream cake,
Apple cake (Seb ka cake),
Marble cake,
Chocolate cake,
Orange cake,
Fruit Loaf ,
Banana cake (Kele ka cake),
Chocolate chiffon cake,
Christmas cake,
Strawberry and vanilla cake with butter icing,
Eggless cake,
Swiss roll,
Pineapple pastry ,
Black forest pastry,
Coconut finger,
Pineapple cake ,
Chocolate walnut cookies (Chocolate aur akhrot ke cookies),
Chocolate chip cookies,
Sweet plain biscuit,
Chocolate biscuit,
Coconut biscuit (Nariyal ke biscuit),
Sweet and salty biscuit (Meethay aur namkeen biscuit),
Peanut biscuit,
Pin wheel biscuit,
Saffron biscuit (Kesar biscuit),
Masala biscuit,
Ice box cookies,
Ginger bread man,
Danish cookies,
Short bread cookies,
Coffee biscuit,
Melting moments,
Ginger biscuit (Adarak ke biscuit),
Soyabean muthias,
Soyabean tikki,
Soyabean namak paras,
Peanut burfi (Moongfali ki burfi),
Spinach peanut namak paras (Palak moongfali namak paras),
Gram flour and semolina chilla/cheela/savory pancake (Besan suji chilla/cheela),
Rice moong dal cheela (Chawal aur moong dal ka cheela),
Split bengal gram sweet rice (Channa dal sweet rice),
Sweet poori (Meethi poori),
Wheat flour and moong dal burfi (Atta aur moong dal ki burfi),
Spinach burfi (Palak burfi),
Sweet split chickpea roti (Sweet channa dal roti/Puranpoli),
Sprouted moong daliya ,
Sprouted moong poha ,
Pearl millet ladoo (Bajra ladoo),
Paushtik ladoo,
Paushtik roti,
Semolina carrot vada (Suji gajar vada),
Dhokla,
Kashmiri tea (Kehwa),
Steeped hot coffee,
Hot chocolate,
Cold coffee (with cream),
Banana milkshake with ice cream (Kele ka milkshake ice cream ke saath),
Flavoured milkshake,
Jal jeera,
Gingo,
Mintade,
Canjee,
Cauliflower canjee (Phoolgobhi ki canjee),
Potato canjee (Aloo canjee),
Vermicelli porridge (Semiya/Seviyan porridge),
Semolina upma (Suji/Rava upma),
Vermicelli upma (Semiya/Seviyan upma),
Rice upma,
Bread upma,
Vegetable upma,
Poha,
Vegetable poha,
Moong dal stuffed cheela/chilla (Moong dal ka cheela/chilla),
Paneer stuffed cheela/chilla,
Indian style egg bhujia (Anda bhujia (Indian style)),
French omelette/omlet,
Puffy omelette/omlet,
Orange omelette/omlet,
Cheese and mushroom omelette/omlet,
Spanish omelette/omlet,
Mixed stock,
Meat stock,
White stock,
Meat consomme (with mutton),
Consomme au julienne,
Consomme au vermicelli,
Green pea soup (Matar ka soup),
Spinach soup (Palak ka soup),
Mixed vegetable soup,
Cheese soup,
Mulligatawny soup,
Cream of carrot soup,
Cream of broccoli soup,
Cream of potato soup,
Almond soup (Badam ka soup),
Cold cucumber cream soup ,
Cold tomato soup,
Chicken stew,
Veg paneer stew,
Onion-green chilli parantha/paratha (Pyaaz aur hari mirch ka parantha/paratha),
Methi parantha/paratha,
Bathua poori,
Gram flour poori (Besan poori),
Beetroot poori (Chukandar ki poori),
Peas poori (Matar ki poori),
Peas kachori (Matar kachori),
Pizza,
Bacon and mushroom pancake,
Cheese and tomato pancake,
Minced meat pancake (with chicken),
Eggplant/Brinjal rice (Vangi bhat),
Kashmiri 'tahar',
Cumin pulao (Jeera/Zeera pulao),
Peas pulao (Matar pulao),
Split bengal gram dal and vegetable pulao (Channa dal and vegetable pulao),
Black channa pulao/ Bengal gram pulao (Kale chane ka pulao),
Mutton pulao,
Chicken pulao,
Mexican rice,
Plain khitchdi (Plain khichri/khichdi),
Instant idli (with semolina),
Plain dosa,
Masala dosa mixed vegetable fillings,
Masala dosa paneer fillings,
Uttapam,
Appam,
Beans and macaroni,
Spaghetti bolognese,
Meat and macaroni casserole,
Spaghetti with meat balls and tomato sauce,
Spaghetti with paneer balls and tomato sauce,
Lasagne with meat sauce,
Lasagne with vegetables,
Home made egg noodles,
Sour lentils (Khatti dal),
Urad special dehusked,
Arhar with spinach (Arhar dal aur palak),
Moong dal with vadi,
Rasam with tamarind (Puli rasam/ Chintapandu rasam/ Charu/Saaru),
Rasam with lemon (Nimmakaya rasam/Nimmakaya charu/Elumichai rasam/Nimbe hannina saaru),
Green gram whole with baghar (Sabut moong dal with tadka),
Urad sabut special,
Kabuli channa curry,
Besan gatte curry,
Dry masala chops,
Mutton korma,
Shahi keema kofta curry,
Minced meat ball curry,
Boti kebab,
Mutton seekh kebab,
Indian lamb and egg curry (Nargisi kofta),
Soya chunks sweet and sour (Nutrinugget sweet and sour),
Soya chunks korma (Nutrinugget korma),
Mushroom matar,
Soya chunks and peas (Nutrinugget matar),
Vegetable yakhni,
Spinach mushroom (Palak mushroom),
Vegetarian nargisi kofta curry,
Roast chicken,
Shahi chicken masala,
Tomato chicken,
Creamy chicken,
Broccoli chicken ala king,
Ginger chicken,
Chicken sweet and sour,
Chicken korma,
Bengal fish curry (Bengali machli curry),
Fish finger,
Fish in coconut milk (Nariyal ke doodh ke saath machli),
Prawn curry (with coconut) (Jhinga curry),
Baked stuffed fish,
Fish pie,
Crispy baked fish,
Fish souffle,
Potato curry (Aloo ki sabzi),
Egg curry (Anda curry),
Vegetable curry with coconut ,
Curd with potatoes (Dahi aloo),
Potato kofta curry (Aloo kofta curry),
Yam kofta curry (Zimikand/Suran kofta curry),
Jackfruit kofta curry (Kathal ka kofta curry),
Spinach and potato (Palak aloo),
Mooli bhujia,
Bathua bhujia,
Cabbage rolls (dry) ((Pattagobhi rolls) (dry)),
Cabbage rolls (curry) ((Pattagobhi rolls)(curry)),
Dry arbi (Sookhi arbi),
Masala arbi,
Peas brinjal bhartha (Matar baingan bhartha),
Okra/Lady's fingers fry (Bhindi sabzi/sabji/subji),
Crispy okra/Crispy lady's fingers (Karare bhindi),
Beans foogath,
Stuffed bittergourd (wet) (Bharwa karele),
Jackfruit/Kathal (dry),
Yam fried (Zimikand/Suran fried),
"Cauliflower, pea and potato bhujia (Phoolgobhi, matar aur aloo bhujia)",
Vegetable jalfrezi,
Vegetables stir fry ,
Broccoli delight,
Dhansak (vegetarian),
Cauliflower basket,
Stuffed bottle gourd (Stuffed ghiya/lauki),
Ducheese potato,
Roast potatoes ,
Stuffed baked potatoes ,
Potato nests,
Parsley potato,
Creamed spinach and mushroom,
Fricassee of Mushroom,
Cauliflower au gratin,
Vegetable and cheese pie,
Spinach souffle ,
Beetroot and egg salad (Chukandar aur ande ka salad),
Sour cream potato salad,
Tossed green salad,
Spring basket salad,
Cucumber and yogurt salad (Kheere aur dahi ka salad),
Chicken and tomato towers,
Jellied sunshine fruit salad,
Tomato aspic,
Frozen frosty fruit salad (Phalon ka salaad),
French dressing,
Mayonnaise without eggs,
Curd dressing ,
Carrot raita (Gajar ka raita),
Pumpkin raita (Kaddu ka raita),
Mint and peanut raita (Pudinay aur moongfali ka raita),
Spinach raita (Palak ka raita),
Bathua raita,
Pineapple raita (Ananas ka raita),
Banana raita (Kele ka raita),
Mango raita (Aam ka raita),
Guava raita (Amarood ka raita),
Grapes raita (Angoor ka raita),
Bottle gourd kheer (Ghiya/Lauki kheer),
Pumpkin kheer (Kaddu ki kheer),
Apple kheer (Seb ki kheer),
Caramel custard (baked),
Vanilla ice cream without egg,
Vanilla ice cream with egg,
Strawberry ice cream,
Chocochip ice cream,
Choconut ice cream,
Pear chocholate sunday,
Chocolate sauce,
Coffee ice cream,
Coffee pear alaska,
Crunchy butterscotch,
Peach melba ice cream,
Vanilla ice cream with apples in hot cherry sauce,
Grape and orange whip,
Honey banana cream,
Raspberry bavarian cream,
Fruit delight,
Creamy chocolate mousse,
Cold lemon souffle,
Cold orange souffle,
Cold pineapple souffle,
Cold vanilla souffle,
Cold chocolate souffle,
Stewed fruit (with pear),
Apricot fool,
Pavlova,
Apple crumb pudding,
Steamed cake with chocolate sauce,
Hot lemon souffle,
Gulab jamun with milk powder,
Chum chum,
Dil bahar,
Rasbhari,
Rajbogh,
Rasgulla,
Rasmalai,
Khoa coconut burfi,
Danedar burfi,
Semolina burfi (Suji/Rava burfi),
Pumpkin coconut burfi (Kaddu aur nariyal ki burfi),
Khoa ladoo,
Wheat and gram flour ladoo (Atta besan ladoo),
Semolina ladoo with nuts (Suji/Rava ladoo with nuts),
Sesame chickpeas brittle (Til aur channe ki chikki),
Murmura chikki,
Masala onion pakora/pakoda (Pyaaz ke pakode),
Masala green chilli pakora/pakoda (Hari mirch kay pakode),
Chicken pakora/pakoda,
Fish pakora/pakoda,
Paneer cutlet,
Sago cutlet/vadas (Sabudana cutlet/vadas),
Poshtik cutlet,
Egg cutlet (Anda cutlet),
Minced meat cutlet,
Vegetable samosa,
Plain urad dal vada (Uzunne vada/Minapa garelu/Ulundu vadai/Medu vada),
Masala urad dal vada,
Khaman (dhokla),
Instant dhokla,
Tomato ginger chutney (Tamatar adarak ki chutney),
Mint tomato chutney (Pudinay aur tamatar ki chutney),
Coriander chutney (Hare dhaniye ki chutney),
Gooseberry chutney (Amla chutney),
Walnut chutney (Akhrot ki chutney),
Saunth/Sonth chutney with ginger,
Gun powder chutney,
Dessicated coconut chutney (Sookhe kase nariyal ki chutney) ,
Curd mint dip ,
Curd vegetable dip,
Mayonnaise vegetable dip,
Tomato and cucumber sandwich (Tamatar aur kheere ka sandwich),
Tomato sandwich (grilled),
French sandwich (toasted),
Peanut butter cucumber sandwich,
Mint and peanut sandwich,
Spicy chutney sandwich,
Chicken walnut sandwich (Chicken aur akhrot ke sandwich),
Rolled sandwich,
Ribbon sandwich,
Checker board sandwich,
Submarine sandwich,
Cheese open sandwich,
Sunset and sunrise open sandwich,
Danish luncheon sandwich,
Chicken and corn open sandwich,
Chocolate sponge cake,
Chocolate swiss roll,
Lemon curd filling,
Jam filling,
Chocolate pastry,
Assorted pastry,
Orange gateau,
Black forest gateau,
Lemon cake,
Dundee cake,
Victorian sandwich cake,
Chocolate eggless cake,
Orange eggless cake,
Chocolate glace icing,
Butter icing,
Chocolate butter icing,
Almond biscuit (Badam ke biscuit),
Orange biscuit,
Gingerman biscuit,
Coffee drops,
Christmas biscuit,
Christmas wreath biscuit,
Christmas bell biscuit,
Christmas star biscuit,
Christmas tree biscuit,
Chocolate cream shells,
Jelly biscuit,
Cherry and walnut cookies,
Cheese straws,
Butterfly biscuit,
Flan pastry,
Fruit flan,
Orange cream flan,
Fruit puree tart,
Apple banana pie,
Lemon chiffon pie,
Orange chiffon pie,
Cream buns,
Savoury puffs,
Choux swans,
Potato aigrettes,
Cream horns,
Savoury cheese horns,
Paneer patties,
Vegetable patties ,
Pearl millet infant food (Bajra shishu aahaar),
Sajina,
Cereal mix ,
Pulse mix,
Shishu ahar,
Cereal pulse mix with amylase rice flour,
Banana groundnut paste/puree,
Rice dal porridge (Chawal dal ki khichdi/khichri),
Lentils and semolina porridge (Dal suji porridge/daliya),
Spinach khichri (Palak khichri/khichdi),
Vegetable mix,
Lentils and wheat porridge (Dal wheat porridge/daliya ),
Maize porridge,
Spinach peanut burfi (Palak aur mungfali ki burfi),
Split bengal gram burfi/fudge (Channa dal burfi),
Chickpea flour cookies (Sweet besan rounds/cookies),
Pearl millet mathri (Bajra mathri),
Sesame biscuit (Til ke biscuit),
Fermented bengal gram vada (Khameerikrit/Ufna hua channa dal ka vada),
Poshtik namak paras,
Soya chikki,
Besan bathua chilla/cheela,
Wheat flour and nuts ladoos (Atta nuts ladoos),
Gram flour and semolina dhokla (Besan suji dhokla),
Atta dal burfi ,
Soya roti,
Poshtik khichdi/khichri,
Namkeen daliya,
Sprouts upma ,
Semolina idli (Suji/Rava idli),
Poshtik chilla/cheela,
Stuffed bittergourd (dry) (Bharwa karela),
Cauliflower potato canjee,
Creamed spinach,
Mango milkshake with ice cream (Aam milkshake ice cream ke saath),
Pineapple milkshake with ice cream (Ananas milkshake ice cream ke saath),
Orange milkshake with ice cream (Narangi milkshake ice cream ke saath),
Woodapple juice (Bel ka sharbat),
Sattu drink,
Apple and honey sorbet (Seb aur shehad ka sharbat),
Thandai,
Cucumber sharbat (Kheere ka sharbat),
Apple oats chia seed smoothie,
Nannari sharbat,
Semolina milk drink (Thari kanji),
Saffron milk (Kesariya doodh),
Black rice kheer (Chak-hao kheer),
Coconut kheer (Nariyal ki kheer),
Apple sago payasam (Seb aur sabudana ki kheer),
Kesari bath,
Putharekulu,
Mango malpua,
Mango vanilla custard,
Kiwi granola pudding,
Oats burfi,
Lotus seed halwa (Kamal gattay ka halwa),
Amaranth ladoo (Rajgira ladoo),
Chhena poda,
Sweet couscous dessert,
Sweetened yogurt (Shrikhand),
Thickened sweetened milk (Rabri),
Gram flour halwa (Besan halwa),
Prawn sandwich,
Watercress sandwich,
Fish sandwich ,
Kidney bean sandwich with cottage cheese,
Finger millet biscuit (Ragi biscuit),
Buttermilk biscuit,
Lemon cookies,
Sweet potato biscuit (Shakarkand ke biscuit),
Raspberry shortbread cookies,
Pumpkin cookies ,
Greenpea cookies,
Sunflower cookies,
Cardamom cookies (Elaichi cookies),
Hazelnut cookies,
Milk cookies,
Cranberry cookies,
Olive biscuit,
Tutti fruitti biscuit,
Peach blueberry preserves,
Pear preserves (Naashpati ka murabba),
Starfruit preserves ,
Gooseberry pickle (Amla ka achaar),
Lotus stem pickle (Kamal kakdi ka achar),
Date pickle (Khajoor ka achaar),
Garlic pickle (Lahasun ka achar),
Fermented bamboo shoot pickle (Mesu pickle),
Sweet peach pickle (Aadoo ka achaar),
Pickled mustard greens ,
Small onion pickle ,
Green tomato pickle (Haray tamatar ka achaar),
Pickled cabbage ,
Coconut pickle (Nariyal ka aachar),
Potato pickle (Aloo ka achaar),
Mango murabba candy,
Afghani chicken,
Fish orly,
Hariyali Fish Tikka,
Chicken manchurian,
Handi chicken,
Lemon chicken,
Lemon butter fish,
Baked eggs in tomato sauce,
Egg in a pepper,
Spinach mushroom scrambled egg (Palak mushroom bhurji),
Corn omelette/omlet,
Cajun chicken,
Paaner do pyaza,
Cabbage manchurian (Pattagobhi manchurian),
Gobi 65,
Paneer lababdar,
Roasted cauliflower steak,
Sauteed radishes with green beans,
Garlic chutney/Poondu chutney (Lahasun ki chutney),
Schezwan chutney,
Onion chutney (Pyaaz ki chutney/Vengaya chutney),
Dates chutney (Khajoor ki chutney),
Chicken salad,
Macaroni salad,
Cabbage raita (Pattagobhi raita),
Pomegranate raita (Anaar ka raita),
Onion raita (Pyaaz ka raita),
Green chilli raita (Hari mirch ka raita),
Kale salad,
Spinach and paneer souffle ,
Masala souffle ,
Chicken and cheese souffle,
Tamarind chutney (Chintapandu pachadi/Puli chutney),
Pav bhaji masala,
Green chutney,
Sago khitchdi/khichri (Sabudana khitchdi/khichri),
Gram flour chilla/cheela (Besan chilla/cheela),
Vegetable namkeen jave,
Khakhra,
Moong bean dosa (Pesarattu),
Methi thepla,
Rice puttu (Ari puttu),
Buckwheat pancake (Khura),
Quinoa khichdi/khichri,
Khakhra chaat,
Banana appam,
Veg manchurian,
Pav bhaji,
Rice murukku,
Bhel puri ,
Semolina dhokla (Suji/Rava dhokla),
Spicy corn chaat ,
Jackfruit fritters (Ponsa mulik/Kathal ka pakora),
Banana chips (Kele ke chips),
Wheat cake,
Mango cheesecake,
Carrot cake (Gajar ka cake),
Semolina cake (Suji/Rava cake),
Finger millet cake (Ragi cake),
Honey cake,
Almond cardamom cake (Badam elaichi cake),
Tutti frutti cake,
Ham and Bean soup,
Whey soup,
Bottle gourd soup (Ghiya/Lauki soup),
Baked potato soup,
Pumpkin soup,
Sweet corn soup,
Paneer soup,
Curried Cauliflower soup,
Millet soup,
Lemon coriander soup,
Garlic soup,
Dal makhani,
Dalma,
Split bengal gram dal (Channa dal),
Horsegram dal (Kulthi dal) ,
Panchmel dal,
Dal dhokli,
Gujarati handvo ,
Sev (Omapodi/Karapusa),
Papdi,
Jowar dosa,
Bread roll,
Soya seekh kebab,
Classic seasoned black beans,
Maa chaane ki dal,
Garlic chickpea soup (Lahasun aur chane ka shoraba),
White sauce (thin),
White sauce (medium),
White sauce (thick),
Cheese sauce,
Egg sauce,
Mushroom sauce,
Mustard sauce,
Brown sauce,
Classic italian pasta,
Pasta spinach sauce,
Pasta cheese sauce,
Mayonnaise,
Low calorie quick mayonnaise,
Thousand island dressing,
Curd dip,
Short crust pastry,
Choux pastry,
Flaky pastry,
Sponge cake ,
Glace icing,
Royal icing,
American frosting,
Gum icing,
Channa murmura premix,
Cracked wheat and green gram dal premix (Dalia moong dal premix),
Rice flakes and roasted channa ,
Spinach soup in milk ,
Vegetable soup,
Mashed banana with milk,
Poha with curd (Poha aur dahi),
Potato with curd,
Sweet wheat porridge (Sweet dalia),
Vegetable khichdi/khichri,
Moong dal mixture,
Cracked wheat khichri/khichdi (Dalia khichri/khichdi),
Stewed apple,
Lemon squash (Nimbu ka squash),
Orange squash (Santre ka squash),
Lichi squash,
Mango squash (Aam ka squash),
Pineapple squash (Ananas ka squash),
Lemon and ginger squash (Nimbu aur adrak ka squash),
Apple jam (Seb ka murabba),
Plum jam (Aloo bukhara jam),
Pineapple jam ,
Guava jelly (Amrood ki jelly),
Orange marmalade (Santray ka murabba),
Carrot murabba (Gajar ka murabba),
Gooseberry marmalade (Amla murabba),
Ginger candy (Adrak ki candy),
Mango pickle (Aam ka achaar),
Mixed vegetable pickle (Sabziyoon ka achaar),
Sweet lemon pickle (Neembu ka meetha achaar),
Plum chutney (Aloo bukhara ki chutney),
Raw mango chutney (Kachhe aam/Kairi ki chutney),
Tomato sauce,
Tomato puree,
Garam masala,
Chat masala,
Kashmiri masala,
Rasam powder (Rasam masala),
Sambar powder (Sambar masala),
Tartare sauce,
Barbeque sauce,
Bread sauce,
Green chilli sauce,
Home made plain noodles,
Dal moong,
Cumin seeds baghar (Jeera baghar/tadka),
Onion tomato baghar (Pyaaz tamatar ka tadka),
Mustard seeds baghar (Mustard seed tadka),
Hot cherry sauce,
Apple jelly (Seb ki jelly),
Marmalade (Murabba),
Plum squash (Aloo bukhara squash),
Lemon green chilli pickle (Nimboo aur hari mirch ka achaar),
Brinjal pickle (Baingan ka achaar),
Sweet and sour tomato pickle (Khatta meetha tamatar ka achaar),
Jhatpat achar with carrot (Jhatpat achaar gajar ke saath),
Tomato chutney (Tamatar ki chutney),
Tomato ketchup,
Bengal 5 Spice Blend (Panch Phoran),
